fine_accuracy,fine_macro_f1,coarse_accuracy,coarse_macro_f1,bin_f1_malicious
0.9919798930652409,0.7784714530675959,0.9938999186655822,0.8066140366485318,0.9979822533893705
0.9918132241763223,0.7672095976071822,0.9939265856878091,0.7959021745483656,0.9979847248978699
0.9920932279097054,0.7737874214252545,0.9942799237323164,0.8062898373559306,0.9979986202091544
0.991539887198496,0.7611858335105772,0.9935465806210749,0.7964785421274384,0.9978289514108403
0.9919932265763544,0.7612325712574127,0.9939532527100361,0.7918571666019318,0.9979778520142917
0.9921132281763757,0.7726446042855585,0.9942465899545327,0.8209516552765276,0.998027801852092
0.9921598954652728,0.7740170595223654,0.9942265896878625,0.7965682430684055,0.9981113968491405
0.9917532233763117,0.7774038795849332,0.9935465806210749,0.7839337146674613,0.9977325811694964
0.992233229776397,0.7638359072400464,0.9939932532433766,0.7583138817531618,0.9979820329225695
0.9920932279097054,0.7690769148351437,0.9940199202656036,0.7808325381623875,0.998027424936352
0.9918598914652196,0.7732211365390756,0.9939599194655929,0.8017267094707392,0.9979919404412267
0.9919598927985707,0.7761704102872969,0.9938865851544687,0.8126253117742459,0.9979066852890858
0.9925532340431206,0.7945443312945637,0.9943199242656569,0.8172325876554327,0.9979779348977013
0.9919732263096841,0.7858286968422438,0.9937865838211176,0.8123423147514274,0.9977825384297365
0.9923732316430885,0.7644148037140142,0.9942932572434299,0.7949581395383347,0.9980648001829395
0.9918798917318897,0.7614310808456575,0.9938065840877879,0.799034234956522,0.9980284086832025
0.992593234576461,0.7699410126045293,0.9943465912878838,0.7855161496000587,0.9980087641700509
0.9918798917318897,0.7664140512294705,0.9939665862211496,0.7883382174522113,0.9979505256901605
0.9922665635541807,0.7689108162742182,0.9939865864878198,0.7875659456035555,0.9979791911302875
0.9919665595541274,0.77586741019852,0.9937199162655502,0.7976499974621998,0.997897137239105
0.9923532313764184,0.7777120924323674,0.9943599247989974,0.8057502501645053,0.9980710864392256
0.9923732316430885,0.7794885449162576,0.9941599221322951,0.7975407613869716,0.9979553313284885
0.9922532300430672,0.7725238626574886,0.9941999226656355,0.8059645809172871,0.9980499366485549
0.9916132215096202,0.779685404237228,0.9935999146655289,0.7933864539144313,0.9978799744641047
0.9918198909318791,0.7593629550320827,0.9937399165322204,0.7711274698387567,0.9979245038266961
0.9919932265763544,0.7646766858056478,0.9938932519100254,0.7863659089704148,0.9979051400958919
0.9919865598207976,0.7801802505429434,0.9941065880878411,0.8131850082083976,0.9980982816250303
0.9921332284430459,0.7694311586122056,0.9941665888878518,0.8047559256836732,0.9979774789548486
0.9922265630208402,0.764207023736036,0.9941599221322951,0.8077692578088266,0.9979468504138753
0.9919798930652409,0.762903711525285,0.9939599194655929,0.8013774191280785,0.9979714084709065
0.9923332311097481,0.7756189989770061,0.9941265883545114,0.7930721999881455,0.9979731389730571
0.9920932279097054,0.77686627737383,0.9939999199989333,0.825838643530457,0.9980159475472535
0.9922132295097268,0.7756545218215137,0.9939532527100361,0.8025410647257336,0.9979573154068974
0.9917732236429819,0.7604816345010077,0.9939199189322524,0.8012732674859423,0.9979815504834374
0.99189989199856,0.76820434649607,0.9938399178655716,0.7738973156049807,0.9978886231636488
0.9922998973319644,0.7698721788665043,0.9942599234656462,0.7894009112065945,0.9980650379313993
0.9922798970652942,0.761644701628328,0.9942932572434299,0.8041190010195036,0.9980299031340588
0.991846557954106,0.7618294923608994,0.9941265883545114,0.8128675291702391,0.9979821569410728
0.9917132228429713,0.7742781352489275,0.9935665808877452,0.7855347749949881,0.9979067281785803
0.99189989199856,0.7442826846563286,0.9937932505766743,0.7731779639715463,0.9978002008512267
0.9917998906652089,0.7787183427946128,0.9939399191989227,0.8162647219052599,0.9978296460101375
0.9919665595541274,0.7803798250340842,0.9939799197322631,0.7921644840264327,0.997948392338389
0.9913532180429072,0.7691742014006565,0.9933132441765891,0.8004099907642089,0.9976879915579249
0.9918332244429926,0.7607764111005465,0.9938465846211283,0.7808752429942145,0.9979863041330338
0.9921132281763757,0.7690097869839402,0.9938665848877986,0.7820096390291361,0.9978529180484803
0.9921865624874998,0.7780860532924218,0.9939865864878198,0.803992393046365,0.9979138284832406
0.9921865624874998,0.7716258257102657,0.9940265870211603,0.8007277889094311,0.9978761617941311
0.9922465632875105,0.7841715512171463,0.9940199202656036,0.8082824561526756,0.9979922284215774
0.9917932239096521,0.7651122105212582,0.9937865838211176,0.7763932996158829,0.9978927091836212
0.9921265616874891,0.7605853280145064,0.994239923198976,0.7983248196385251,0.9980265628734337
0.9918665582207763,0.764174897849837,0.9940132535100468,0.7895630970446275,0.9979112627986348
0.9922998973319644,0.7747005149206965,0.9942932572434299,0.800689544663256,0.9980468216461332
0.992106561420819,0.7705040774708007,0.9940265870211603,0.8078285857359876,0.997990870076265
0.9921998959986134,0.7644120117402099,0.9943332577767704,0.8067314435396155,0.9980548332275435
0.9920732276430353,0.7704607260404471,0.9940465872878305,0.793725051368751,0.9980396174863388
0.991846557954106,0.7681954130131138,0.9936932492433233,0.7868847306777373,0.9979855230811254
0.9921265616874891,0.7880834445110387,0.9941199215989547,0.8028024894358666,0.9980232363615258
0.9924198989319858,0.7778101038776071,0.9941332551100681,0.7987978726674922,0.9980234118165152
0.9921932292430565,0.7714978598793129,0.9941599221322951,0.7904060500102419,0.9981180344218676
0.991539887198496,0.7628928971624366,0.9933332444432592,0.7701704877525826,0.9978198767102692
0.9923532313764184,0.7888516581797893,0.994213256176749,0.8129989268584055,0.9980101506210173
0.9919598927985707,0.7696516811348588,0.9940399205322737,0.8029068592140247,0.9980134213526485
0.9917732236429819,0.7721986262305526,0.993726583021107,0.8210767479959689,0.9978771331058021
0.9919932265763544,0.7679639766202017,0.9938199175989013,0.7804364234224445,0.997905512295292
0.992259896798624,0.7720647157103583,0.994059920798944,0.7725654260348749,0.998125544155556
0.992053227376365,0.768782785975374,0.9937399165322204,0.7765191023247318,0.9979640497646359
0.9919598927985707,0.7752177333883068,0.9938665848877986,0.7911777662293115,0.997931105117613
0.9924932332431099,0.7727100442173797,0.9943332577767704,0.8004912203953723,0.9980299703983421
0.9920465606208083,0.754635010859978,0.9938865851544687,0.7851306237862966,0.9978967064334834
0.9920132268430246,0.7717547958538336,0.9939265856878091,0.7845915503514721,0.9979197196232951
0.9916798890651876,0.7660701207019426,0.9937665835544474,0.7932800965905289,0.99802152066127
0.9919132255096734,0.7671331188164325,0.9938399178655716,0.8060540100725928,0.9979900697845041
0.9921465619541594,0.7716945986799897,0.9938132508433446,0.7959674389920971,0.997934244086987
0.9920598941319217,0.7871295810240106,0.9940399205322737,0.8050236079148393,0.9981153720091773
0.9916265550207336,0.7745688771892995,0.9936332484433126,0.791811641592794,0.9977854633439504
0.9921998959986134,0.7685668620158502,0.9939599194655929,0.7856410854508298,0.9979243054275316
0.9919198922652303,0.7681298693574409,0.993646581954426,0.7886573424030936,0.9979239652264176
0.9921798957319431,0.7659471685252365,0.9943065907545434,0.7936021632317921,0.9980652624179784
0.992053227376365,0.7749366224256261,0.994059920798944,0.7950368387431633,0.9979687217285325
0.991926559020787,0.7581433106344333,0.9939465859544794,0.8001983181639218,0.9979055695449995
0.991953226043014,0.7665594091088711,0.9939865864878198,0.7808160003015157,0.9978795835652361
0.9916798890651876,0.7670009418288882,0.9937865838211176,0.803003805180881,0.9978224958702507
0.9917998906652089,0.7630866251853974,0.9940399205322737,0.7891428964292011,0.9981025704028283
0.9919932265763544,0.7776931302963798,0.9938465846211283,0.7967355942359436,0.9980109908136483
0.9918198909318791,0.7721417675641848,0.9940265870211603,0.8080611839325454,0.9979087075676082
0.9920732276430353,0.7881718995161456,0.993906585421139,0.7983807228292611,0.9978321948088746
0.9914732196429286,0.7607589311457259,0.9937199162655502,0.7698630463440073,0.9979681668083827
0.9917798903985386,0.7615509395625428,0.9937065827544367,0.7972574398025767,0.9978995686431213
0.9924798997319965,0.7910036971694755,0.9942999239989867,0.8026931866922806,0.9981932011079878
0.9921598954652728,0.7534360581533766,0.9941399218656248,0.7803985035612842,0.9980134620373278
0.9923398978653049,0.7781494271172401,0.9941665888878518,0.7994838180202601,0.9980473550536636
0.9919132255096734,0.7658524377612306,0.9938599181322417,0.804384593766305,0.9979730698096596
0.9920198935985813,0.7750311507000679,0.9938932519100254,0.8065047547697733,0.9979680557879674
0.9917332231096415,0.7637916771930783,0.993826584354458,0.7791644614691764,0.9979127309745941
0.9919932265763544,0.768959650293313,0.99400658675449,0.785086143801675,0.99804348048773
0.9921998959986134,0.7768187309539423,0.9939799197322631,0.8108707780153825,0.9979413120294977
0.991926559020787,0.7713495246748199,0.9936532487099828,0.8064808644062873,0.9978556160323433
0.9922798970652942,0.780534187939631,0.9943465912878838,0.796104120880937,0.9980437343165873
0.9921732289763864,0.7731292644430976,0.9940732543100574,0.8077800814260027,0.9979469766583885
0.9919398925319004,0.7599905159106466,0.9936799157322098,0.770270390298947,0.9979442558684324
0.9924665662208829,0.7836800138167224,0.9941665888878518,0.7996380208397036,0.9980471817281759
0.99189989199856,0.7829365457126869,0.9936599154655396,0.8055335886272972,0.9978541505784909
0.9918265576874359,0.7471914514577035,0.9940532540433873,0.7583665988025237,0.9980914401603327
0.9922732303097375,0.7688278892389205,0.9942532567100895,0.7795825802438413,0.9979879413121082
0.9918932252430033,0.7667694590699095,0.9938399178655716,0.7956046799837391,0.9979414385350416
0.9924465659542128,0.7722778285133358,0.9943999253323378,0.8070539573522059,0.9980749407805364
0.992233229776397,0.7676746867677666,0.9943599247989974,0.7957179800392884,0.9980718368739868
0.9918665582207763,0.7705834638628014,0.9938732516433553,0.8265374089187163,0.9978765678235162
0.9919198922652303,0.7792872482494351,0.9939865864878198,0.7914629983632043,0.9979141988099668
0.9919665595541274,0.7793332257306574,0.9938199175989013,0.8070720694770845,0.9978784969783101
0.9921198949319324,0.7683586445182778,0.9941199215989547,0.7884733486527533,0.9980429325272812
0.9919932265763544,0.7707172650067563,0.9939732529767064,0.8090337018359621,0.9980568731708483
0.9919665595541274,0.7703024639498333,0.994113254843398,0.814566539392171,0.9979887245645367
0.9920132268430246,0.7740462646722127,0.9941265883545114,0.8017045126714781,0.9980913749953053
0.991953226043014,0.7723374737136265,0.9938665848877986,0.7898590059589525,0.9979556523312048
0.992106561420819,0.7768758263560493,0.9940265870211603,0.8163782461111494,0.9980159610978121
0.991693222576301,0.7863791436796921,0.9937865838211176,0.7944207306071208,0.9979955129540402
0.9915198869318258,0.7746550713678376,0.9935399138655182,0.8097694372422071,0.9978523114114309
0.9923932319097588,0.7657300426769923,0.994086587821171,0.771809974449618,0.9980267784597947
0.9920998946652622,0.7684552581617414,0.9941332551100681,0.8146672870372268,0.9979071855571905
